GP,MovimentacaoTotal,Voltas,MovimentacaoPorVolta
Bahrain Grand Prix,333.0,57.0,5.842105263157895
São Paulo Grand Prix,355.0,71.0,5.0
Abu Dhabi Grand Prix,274.0,58.0,4.724137931034483
Emilia Romagna Grand Prix,244.0,63.0,3.873015873015873
Spanish Grand Prix,242.0,66.0,3.6666666666666665
British Grand Prix,190.0,52.0,3.6538461538461537
Chinese Grand Prix,197.0,56.0,3.517857142857143
Canadian Grand Prix,231.0,70.0,3.3
Italian Grand Prix,167.0,53.0,3.150943396226415
United States Grand Prix,173.0,56.0,3.0892857142857144
Mexico City Grand Prix,212.0,71.0,2.9859154929577465
Hungarian Grand Prix,209.0,70.0,2.9857142857142858
Singapore Grand Prix,181.0,62.0,2.9193548387096775
Belgian Grand Prix,126.0,44.0,2.8636363636363638
Austrian Grand Prix,194.0,70.0,2.7714285714285714
Saudi Arabian Grand Prix,136.0,50.0,2.72
Dutch Grand Prix,185.0,72.0,2.5694444444444446
Japanese Grand Prix,134.0,53.0,2.5283018867924527
Azerbaijan Grand Prix,128.0,51.0,2.5098039215686274
Las Vegas Grand Prix,124.0,50.0,2.48
Qatar Grand Prix,107.0,57.0,1.8771929824561404
Miami Grand Prix,105.0,57.0,1.8421052631578947
Australian Grand Prix,103.0,57.0,1.8070175438596492
Monaco Grand Prix,97.0,78.0,1.2435897435897436
